title,city,year,type_1,type_2,type_3
Cheeks,Charleston,1984,Cruising Areas,Bars/Clubs,
Cheeks,Charleston,1985,Bars/Clubs,Cruising Areas,
Streetcar,Charleston,1982,Cruising Areas,Bars/Clubs,
Streetcar,Charleston,1983,Bars/Clubs,Cruising Areas,
Streetcar,Charleston,1984,Cruising Areas,Bars/Clubs,
Streetcar,Charleston,1985,Bars/Clubs,,
Richland Adult Books,Columbia,1988,Erotic Shop,Book Store,
Richland Adult Books,Columbia,1989,Book Store,Cruising Areas,
Richland Adult Books,Columbia,1990,Erotica/Adult Groups,,
Holiday Inn Bar,Florence,1974,Hotel,Bars/Clubs,
Holiday Inn Bar,Florence,1975,Hotel,Bars/Clubs,
Holiday Inn Bar,Florence,1977,Hotel,Bars/Clubs,
Holiday Inn Bar,Florence,1978,Bars/Clubs,Hotel,
Bushwacker's Pub,Greenville,1987,Cruising Areas,,
Bushwacker's Pub,Greenville,1988,Cruising Areas,Bars/Clubs,
Bushwacker's Pub,Greenville,1989,Bars/Clubs,Cruising Areas,
Bushwacker's Pub,Greenville,1990,Bars,,
Bushwacker's Pub,Greenville,1991,Bars/Clubs,Cruising Areas,
Bushwacker's Pub,Greenville,1992,Cruising Areas,Bars,
Bushwacker's Pub,Greenville,1993,Bars,,
Bushwacker's Pub,Greenville,1994,Bars,,
Hilltop Adult Bookstore,Greenville,1986,Cruising Areas,Book Store,
Hilltop Adult Bookstore,Greenville,1987,Cruising Areas,Erotic Shop,Book Store
Hurl Rock Park,Myrtle Beach,1994,Cruising Areas,,
Hurl Rock Park,Myrtle Beach,1995,Cruising Areas,,
Hurl Rock Park,Myrtle Beach,1996,Cruising Areas,,
Hurl Rock Park,Myrtle Beach,1999,Cruisy Areas,,
Hurl Rock Park,Myrtle Beach,2000,Cruisy Areas,,
Hurl Rock Park,Myrtle Beach,2001,Cruisy Areas,,
Time Out,Myrtle Beach,1991,Bars/Clubs,,
Time Out,Myrtle Beach,1992,Bars,,
Time Out,Myrtle Beach,1993,Bars,,
Time Out,Myrtle Beach,1994,Bars,,
Time Out,Myrtle Beach,1995,Bars,,
Time Out,Myrtle Beach,1996,Bars,,
Time Out,Myrtle Beach,1997,Bars,,
Time Out,Myrtle Beach,1998,Bars & Nightclubs,,
Time Out,Myrtle Beach,1999,Bars,,
Time Out,Myrtle Beach,2000,Bars,,
Time Out,Myrtle Beach,2001,Bars,,
Time Out,Myrtle Beach,2002,Bars,,
Time Out,Myrtle Beach,2003,Bars,,
Adult World,Spartanburg,1987,Business,,
Adult World,Spartanburg,1988,Erotic Shop,,
Adult World,Spartanburg,1989,Book Store,Cruising Areas,Erotic Shop
Cheyenne Cattlemen's Club,Spartanburg,1993,Bars,,
Cheyenne Cattlemen's Club,Spartanburg,1994,Bars,,
Cheyenne Cattlemen's Club,Spartanburg,1995,Bars,,
Cheyenne Cattlemen's Club,Spartanburg,1997,Bars,,
Cheyenne Cattlemen's Club,Spartanburg,1998,Bars & Nightclubs,,
Cheyenne Cattlemen's Club,Spartanburg,1999,Nightclubs,,
Cheyenne Cattlemen's Club,Spartanburg,2000,Nightclubs,,
Cheyenne Cattlemen's Club,Spartanburg,2001,Nightclubs,,
