surname,given_names,degree,graduation_year,address,city,state_or_country,status,notes,handwritten_mark,death_year,page,source_image
Gilliland,Caroline J.,M.D.,1906,"12 Vine St., Sharon, Pa.",Sharon,Pa.,,,no,,27,wmcp-1923-p27.jpg
Gilmore,Amelia W.,M.D.,1888,"30 South St., Auburn, N. Y.",Auburn,N. Y.,,,no,,27,wmcp-1923-p27.jpg
Gilmore,C. Beatrice,M.D.,1905,"Mt. Vernon, Ill.",Mt. Vernon,Ill.,,,no,,27,wmcp-1923-p27.jpg
Ginsburg-Colodny,May E.,M.D.,1915,"10 N. 8th St., Mt. Vernon, N. Y.",Mt. Vernon,N. Y.,,,no,,27,wmcp-1923-p27.jpg
Glenn,Georgia C.,M.D.,1874,,,,Died 1898.,,no,1898,27,wmcp-1923-p27.jpg
Godman,Augusta H.,M.D.,1871,,,,Address Unknown.,,no,,27,wmcp-1923-p27.jpg
Goodman,Charlotte E.,M.D.,1893,"Penna. State Hosp., Harrisburg, Pa.",Harrisburg,Pa.,,,no,,27,wmcp-1923-p27.jpg
Gordon,Euphemia,M.D.,1889,,,,Died.,,no,,27,wmcp-1923-p27.jpg
Gould-Marr-Keller,Caroline,M.D.,1880,,,,Address Unknown.,,no,,27,wmcp-1923-p27.jpg
Gould-Formes,Edith,M.D.,1878,,,,Address Unknown.,,no,,27,wmcp-1923-p27.jpg
Grabe,Elizabeth,M.D.,1884,,,,Died.,,no,,27,wmcp-1923-p27.jpg
Graff,Elfie R.,M.D.,1905,"25 Rue Taxim, Constantinople, Turkey.",Constantinople,Turkey,,"Interne, Women's Hosp. Phila., 1905-06. P. G. Student, Polyclinic Hosp., N. Y. City Nose and Throat Clinic, 1906-07; Vienna, 1913-14; Muhlenberg Hosp. Plainfield, N. J., 1915-17. Med. Inspector of Schools, 1912-17. Asst. in Eye, Ear, Nose & Throat Clinic, Muhlenberg Hosp., 1915-17. Asst. Phys. and Instructor of Physiology, Vassar College, 1917-19.",yes,,27,wmcp-1923-p27.jpg
Graves,Helen T.,M.D.,1883,,,,Died 1892.,,no,1892,27,wmcp-1923-p27.jpg
Gray-Stucke,Agnes,M.D.,1910,"Garrison, N. D.",Garrison,N. D.,,,no,,27,wmcp-1923-p27.jpg
Gray,Isabel S.,M.D.,1904,,,,Address Unknown.,,no,,27,wmcp-1923-p27.jpg
Green-Cheyney,Lucilla,M.D.,1875,,,,Died 1878.,,no,1878,27,wmcp-1923-p27.jpg
Greeawalt,Wilhelmina M.,M.D.,1871,,,,Died 1874.,,no,1874,27,wmcp-1923-p27.jpg
Greenberger,Bessie,M.D.,1915,"5518 Bartlett St., Pittsburgh, Pa.",Pittsburgh,Pa.,,"Interne, Montefiore Hosp., 1915-16.",no,,27,wmcp-1923-p27.jpg
Greene,Jeanette B.,M.D.,1878,,,,Died 1883.,,no,1883,27,wmcp-1923-p27.jpg
Greene,Mary E.,M.D.,1868,,,,Died 1910.,,no,1910,27,wmcp-1923-p27.jpg
Greenwald-Erdman,Mary,M.D.,1892,"800 Monroe St., Stroudsburg, Pa.",Stroudsburg,Pa.,,,no,,27,wmcp-1923-p27.jpg
Grice-Kennelly,Julia.,M.D.,1900,,,,Address Unknown.,,no,,27,wmcp-1923-p27.jpg
Grier,Eliza A.,M.D.,1897,,,,Died 1902.,,yes,1902,27,wmcp-1923-p27.jpg
Grimes,Ellen F. Taft.,M.D.,1876,"638 Wait Bldg., Decatur, Ill.",Decatur,Ill.,,"Specialty, Diseases of Women.",yes,,27,wmcp-1923-p27.jpg
Griscom,Elizabeth W.,M.D.,1887,"826 Oxford St., Berkeley, Calif.",Berkeley,Calif.,,,no,,27,wmcp-1923-p27.jpg
Griswold,Mary E.,M.D.,1895,,,,Address Unknown.,,no,,27,wmcp-1923-p27.jpg
Guignard,Jane B.,M.D.,1904,"1416 Hampton Ave., Columbia, S. C.",Columbia,S. C.,,,no,,27,wmcp-1923-p27.jpg
Gulick,Esther W.,M.D.,1896,Main St Stroudsburg Pa.,Stroudsburg,Pa.,,,no,,27,wmcp-1923-p27.jpg
Gustin-Sweetland,Genevieve.,M.D.,1903,,,,Address Unknown.,,no,,27,wmcp-1923-p27.jpg
Gustin-Mackie,Laura.,M.D.,1874,"Attleboro, Mass.",Attleboro,Mass.,,,no,,27,wmcp-1923-p27.jpg
Gwin,Alva.,M.D.,1922,"Oxford, Ala.",Oxford,Ala.,,,no,,27,wmcp-1923-p27.jpg
Hacker-Bogatko,Frances L.,M.D.,1917,,,,Address Unknown.,,no,,27,wmcp-1923-p27.jpg
Hackett-Patterson,Ella.,M.D.,1901,,,,Died 1914.,,no,1914,27,wmcp-1923-p27.jpg
Hadley-Judd,Etta.,M.D.,1895,"Lynchburg, Va.",Lynchburg,Va.,,,no,,27,wmcp-1923-p27.jpg
Haines,Ella.,M.D.,1871,"Broad & Franklin Sts., Newark, N. J.",Newark,N. J.,,,no,,27,wmcp-1923-p27.jpg
Hall-Chapman,Alice.,M.D.,1886,,,,Address Unknown.,,no,,27,wmcp-1923-p27.jpg
Hall-Ketcham,Elizabeth.,M.D.,1892,"643 Grant St., Carthage, Mo.",Carthage,Mo.,,,no,,27,wmcp-1923-p27.jpg
Hall,Sarah C.,M.D.,1870,"12 S. Gifford St., Elgin, Ill.",Elgin,Ill.,,,no,,27,wmcp-1923-p27.jpg
Hallowell,A. Madeline.,M.D.,1906,"Hallowell School, Margate Park, Atlantic City, N. J.",Atlantic City,N. J.,,,no,,27,wmcp-1923-p27.jpg
Hallowell,Rebecca C.,M.D.,1878,,,,Died.,,no,,27,wmcp-1923-p27.jpg
Hanchett,Juliet E.,M.D.,1885,,,,Died 1921.,,no,1921,27,wmcp-1923-p27.jpg
Hand,Anna M.,M.D.,1890,,,,Died.,,no,,27,wmcp-1923-p27.jpg
Harbaugh,Dorothy T,M.D.,1908,"Battle Creek, Mich.",Battle Creek,Mich.,,,no,,27,wmcp-1923-p27.jpg
Hargraves-Smith,Elizabeth.,M.D.,1882,,,,Address Unknown.,,no,,27,wmcp-1923-p27.jpg
Harris-Schuyler,Ara.,M.D.,1907,,,,Address Unknown.,,yes,,27,wmcp-1923-p27.jpg
Harris-Schad,Edith.,M.D.,1890,"Bellefonte, Pa.",Bellefonte,Pa.,,"Specialty, Diseases of Women and Children.",no,,27,wmcp-1923-p27.jpg
Harris,Lillian M.,M.D.,1897,,,,Died,,no,,27,wmcp-1923-p27.jpg
Harris-Morton,Verina.,M.D.,1888,,,,Address Unknown.,,no,,27,wmcp-1923-p27.jpg
Harron,A. Marion.,M.D.,1905,,,,Address Unknown.,,no,,27,wmcp-1923-p27.jpg
Hart,Constance.,M.D.,1910,"care R. Wilkes, Esq., 23 Victoria Rd., Darlington, Eng.",Darlington,Eng.,,,no,,27,wmcp-1923-p27.jpg
Harvey-Clarke,Louise.,M.D.,1892,"1046 Orange St., Riverside, Calif.",Riverside,Calif.,,,no,,27,wmcp-1923-p27.jpg
